id;apodo;nombre;apellido;nacimiento
1;"KeV";migración ubiquitous algoritmo;Ladrillo;2022-07-05
2;"4sp";Toallas cohesiva;Account;2022-07-06
3;"LZS";IB;Irlanda Videojuegos Coordinador;2022-07-05
4;"Db6";indexing;copy;2022-07-06
5;"E";repurpose Granito;Murcia Parafarmacia;2022-07-05
6;"1wE";website;Home;2022-07-05
7;"WXh";Productor circuito;mobile Extramuros;2022-07-05
8;"oio";Artesanal Blanco Fantástico;deposit out-of-the-box;2022-07-05
9;"dV8";withdrawal;hacking;2022-07-06
10;"Wkt";CFA Videojuegos SCSI;withdrawal Navarra Borders;2022-07-05
